date,volume,open,close,high,low,adjclose
2018-11-16,50577,16.329999923706055,16.440000534057617,16.559999465942383,16.329999923706055,16.440000534057617
2018-11-15,103200,16.690000534057617,16.540000915527344,16.84000015258789,16.479999542236328,16.540000915527344
2018-11-14,58200,17.0,16.889999389648438,17.09000015258789,16.8799991607666,16.67999839782715
2018-11-13,74700,17.0,16.940000534057617,17.049999237060547,16.90999984741211,16.72937774658203
2018-11-12,65800,17.1299991607666,16.950000762939453,17.1299991607666,16.899999618530273,16.739253997802734
2018-11-09,82500,17.040000915527344,17.049999237060547,17.086999893188477,16.959999084472656,16.838008880615234
2018-11-08,282800,17.049999237060547,17.05500030517578,17.138999938964844,16.84000015258789,16.84294891357422
2018-11-07,78800,17.229999542236328,17.18000030517578,17.299999237060547,17.09000015258789,16.966394424438477
2018-11-06,40900,17.1200008392334,17.1299991607666,17.18000030517578,17.110000610351562,16.917015075683594
2018-11-05,43400,17.100000381469727,17.1200008392334,17.149999618530273,17.06999969482422,16.907140731811523
2018-11-02,45800,17.10099983215332,17.135000228881836,17.225000381469727,17.08099937438965,16.921953201293945
2018-11-01,54300,17.139999389648438,17.100000381469727,17.139999389648438,16.950000762939453,16.887388229370117
2018-10-31,68600,17.010000228881836,16.979999542236328,17.079999923706055,16.90999984741211,16.76888084411621
2018-10-30,67400,17.100000381469727,16.920000076293945,17.1200008392334,16.760000228881836,16.709627151489258
2018-10-29,51500,17.450000762939453,17.100000381469727,17.450000762939453,17.06399917602539,16.887388229370117
2018-10-26,72200,17.420000076293945,17.25,17.427000045776367,17.170000076293945,17.035524368286133
2018-10-25,24400,17.38800048828125,17.399999618530273,17.479999542236328,17.37299919128418,17.183658599853516
2018-10-24,41300,17.440000534057617,17.290000915527344,17.5,17.290000915527344,17.075027465820312
2018-10-23,35400,17.530000686645508,17.450000762939453,17.56999969482422,17.440000534057617,17.2330379486084
2018-10-22,41700,18.100000381469727,17.579999923706055,18.100000381469727,17.530000686645508,17.361419677734375
2018-10-19,96800,17.979999542236328,18.100000381469727,18.139999389648438,17.950000762939453,17.874956130981445
2018-10-18,48200,17.950000762939453,17.799999237060547,18.040000915527344,17.709999084472656,17.578683853149414
2018-10-17,39500,17.959999084472656,18.059999465942383,18.18000030517578,17.799999237060547,17.835453033447266
2018-10-16,77700,17.93000030517578,17.93000030517578,18.0,17.55299949645996,17.707069396972656
2018-10-15,47500,17.920000076293945,18.040000915527344,18.139999389648438,17.770000457763672,17.608314514160156
2018-10-12,61800,17.75,18.020000457763672,18.290000915527344,17.75,17.58879280090332
2018-10-11,51200,17.809999465942383,17.700000762939453,17.97800064086914,17.639999389648438,17.27644920349121
2018-10-10,185700,17.84000015258789,17.823999404907227,18.09000015258789,17.459999084472656,17.397480010986328
2018-10-09,41900,17.8799991607666,17.850000381469727,18.139999389648438,17.850000381469727,17.42285919189453
2018-10-08,77600,18.020000457763672,17.951000213623047,18.020000457763672,17.75,17.521442413330078
2018-10-05,76400,18.163999557495117,18.010000228881836,18.18000030517578,17.81999969482422,17.579030990600586
2018-10-04,72700,18.100000381469727,18.100000381469727,18.26099967956543,18.100000381469727,17.6668758392334
2018-10-03,77600,17.969999313354492,18.309999465942383,18.350000381469727,17.899999618530273,17.871850967407227
2018-10-02,160000,18.799999237060547,18.520999908447266,18.868000030517578,18.493999481201172,18.077802658081055
2018-10-01,56200,18.610000610351562,18.91900062561035,18.983999252319336,18.584999084472656,18.466279983520508
2018-09-28,54300,18.899999618530273,18.75,18.899999618530273,18.597999572753906,18.301321029663086
2018-09-27,36900,18.5,18.739999771118164,18.739999771118164,18.5,18.291561126708984
2018-09-26,42400,18.690000534057617,18.549999237060547,18.933000564575195,18.459999084472656,18.106107711791992
2018-09-25,62200,18.90999984741211,18.700000762939453,19.010000228881836,18.690000534057617,18.252521514892578
2018-09-24,271300,18.229999542236328,18.90999984741211,18.920000076293945,17.8799991607666,18.457494735717773
2018-09-21,87200,18.780000686645508,18.260000228881836,18.790000915527344,18.0,17.823047637939453
2018-09-20,120900,18.440000534057617,18.479999542236328,18.739999771118164,18.149999618530273,18.037782669067383
2018-09-19,180800,17.8700008392334,18.09000015258789,18.389999389648438,17.610000610351562,17.657115936279297
2018-09-18,236600,18.420000076293945,18.200000762939453,18.5,18.0,17.764484405517578
2018-09-17,63600,19.030000686645508,18.600000381469727,19.079999923706055,18.600000381469727,18.1549129486084
2018-09-14,43500,19.010000228881836,18.959999084472656,19.100000381469727,18.950000762939453,18.506296157836914
2018-09-13,46900,19.100000381469727,19.0,19.100000381469727,19.0,18.54534149169922
2018-09-12,36500,19.5,19.297000885009766,19.5,19.260000228881836,18.630260467529297
2018-09-11,36100,19.649999618530273,19.5,19.690000534057617,19.459999084472656,18.82624626159668
2018-09-10,31800,19.600000381469727,19.479000091552734,19.600000381469727,19.459999084472656,18.80596923828125
2018-09-07,46600,19.6299991607666,19.59000015258789,19.64299964904785,19.56399917602539,18.913135528564453
2018-09-06,37500,19.579999923706055,19.549999237060547,19.618999481201172,19.5,18.874515533447266
2018-09-05,22200,19.6200008392334,19.559999465942383,19.68000030517578,19.510000228881836,18.884170532226562
2018-09-04,23200,19.639999389648438,19.6200008392334,19.65399932861328,19.5,18.942100524902344
2018-08-31,17700,19.5,19.520000457763672,19.56999969482422,19.450000762939453,18.845552444458008
2018-08-30,17900,19.469999313354492,19.450000762939453,19.492000579833984,19.34000015258789,18.777973175048828
2018-08-29,25700,19.549999237060547,19.420000076293945,19.549999237060547,19.420000076293945,18.749008178710938
2018-08-28,19800,19.469999313354492,19.405000686645508,19.514999389648438,19.350000381469727,18.734529495239258
2018-08-27,25200,19.299999237060547,19.450000762939453,19.558000564575195,19.299999237060547,18.777973175048828
2018-08-24,29600,19.5,19.260000228881836,19.5,19.260000228881836,18.59453773498535
2018-08-23,73400,19.31999969482422,19.399999618530273,19.540000915527344,19.239999771118164,18.729700088500977
2018-08-22,37100,19.25,19.299999237060547,19.350000381469727,19.155000686645508,18.633155822753906
2018-08-21,191600,19.399999618530273,19.165000915527344,19.499000549316406,19.049999237060547,18.502819061279297
2018-08-20,56900,19.84000015258789,19.440000534057617,19.84000015258789,19.440000534057617,18.76831817626953
2018-08-17,10200,19.6200008392334,19.709999084472656,19.75200080871582,19.6200008392334,19.02898597717285
2018-08-16,51700,19.579999923706055,19.829999923706055,19.8700008392334,19.520000457763672,19.14484405517578
2018-08-15,41200,20.040000915527344,19.920000076293945,20.040000915527344,19.719999313354492,19.028987884521484
2018-08-14,28900,19.860000610351562,20.0,20.0,19.860000610351562,19.10541343688965
2018-08-13,33400,19.709999084472656,19.8799991607666,19.8799991607666,19.709999084472656,18.99077606201172
2018-08-10,25600,19.799999237060547,19.709999084472656,19.799999237060547,19.6299991607666,18.828380584716797
2018-08-09,22900,19.799999237060547,19.719999313354492,19.799999237060547,19.510000228881836,18.837932586669922
2018-08-08,37800,19.75,19.790000915527344,19.790000915527344,19.649999618530273,18.904804229736328
2018-08-07,52900,19.530000686645508,19.670000076293945,19.719999313354492,19.510000228881836,18.790172576904297
2018-08-06,79900,19.229999542236328,19.485000610351562,19.520000457763672,19.229999542236328,18.613447189331055
2018-08-03,35400,19.25,19.200000762939453,19.2810001373291,19.1200008392334,18.34119415283203
2018-08-02,35500,19.0,19.170000076293945,19.190000534057617,19.0,18.31253433227539
2018-08-01,40700,19.18000030517578,19.100000381469727,19.200000762939453,19.070999145507812,18.245668411254883
2018-07-31,103400,19.020000457763672,19.139999389648438,19.18000030517578,18.875,18.283878326416016
2018-07-30,104000,19.360000610351562,19.020000457763672,19.360000610351562,18.799999237060547,18.16924476623535
2018-07-27,16300,19.31999969482422,19.31999969482422,19.424999237060547,19.219999313354492,18.455827713012695
2018-07-26,39200,19.479999542236328,19.290000915527344,19.479999542236328,19.290000915527344,18.42717170715332
2018-07-25,52400,19.239999771118164,19.440000534057617,19.656999588012695,19.239999771118164,18.57046127319336
2018-07-24,60700,19.18000030517578,19.31999969482422,19.450000762939453,19.18000030517578,18.455827713012695
2018-07-23,56300,19.149999618530273,19.200000762939453,19.299999237060547,19.139999389648438,18.34119415283203
2018-07-20,183500,19.25,19.299999237060547,19.56999969482422,19.100000381469727,18.436721801757812
2018-07-19,356500,20.690000534057617,19.43000030517578,20.690000534057617,18.969999313354492,18.5609073638916
2018-07-18,10400,20.799999237060547,20.690000534057617,20.799999237060547,20.68000030517578,19.76454734802246
2018-07-17,18000,20.82900047302246,20.68000030517578,20.84000015258789,20.610000610351562,19.754995346069336
2018-07-16,33200,20.8700008392334,20.850000381469727,20.8700008392334,20.719999313354492,19.917390823364258
2018-07-13,36000,20.950000762939453,20.93000030517578,20.989999771118164,20.79199981689453,19.79320526123047
2018-07-12,24100,20.950000762939453,20.770000457763672,20.950000762939453,20.69300079345703,19.641897201538086
2018-07-11,20600,21.030000686645508,20.610000610351562,21.030000686645508,20.610000610351562,19.49058723449707
2018-07-10,11900,21.059999465942383,20.860000610351562,21.059999465942383,20.804000854492188,19.727008819580078
2018-07-09,43300,20.90999984741211,20.829999923706055,21.100000381469727,20.829999923706055,19.698637008666992
2018-07-06,19000,21.100000381469727,20.969999313354492,21.100000381469727,20.969999313354492,19.83103370666504
2018-07-05,34700,20.56999969482422,21.079999923706055,21.100000381469727,20.56999969482422,19.935060501098633
2018-07-03,34100,20.549999237060547,20.795000076293945,20.850000381469727,20.549999237060547,19.665538787841797
2018-07-02,11600,20.5,20.56999969482422,20.60099983215332,20.5,19.4527587890625
2018-06-29,24700,20.530000686645508,20.610000610351562,20.639999389648438,20.459999084472656,19.49058723449707
2018-06-28,35700,20.84000015258789,20.520000457763672,20.84000015258789,20.450000762939453,19.405475616455078
2018-06-27,27900,20.6200008392334,20.639999389648438,20.729999542236328,20.540000915527344,19.518957138061523
2018-06-26,21200,20.639999389648438,20.6200008392334,20.639999389648438,20.489999771118164,19.500045776367188
2018-06-25,41900,20.850000381469727,20.450000762939453,20.850000381469727,20.40999984741211,19.339277267456055
2018-06-22,39100,20.90999984741211,20.760000228881836,20.90999984741211,20.760000228881836,19.63243865966797
2018-06-21,19800,21.1200008392334,20.90999984741211,21.1200008392334,20.81999969482422,19.7742919921875
2018-06-20,43100,21.222000122070312,20.950000762939453,21.222000122070312,20.950000762939453,19.81212043762207
2018-06-19,54000,21.110000610351562,20.950000762939453,21.110000610351562,20.950000762939453,19.81212043762207
2018-06-18,54300,21.450000762939453,21.09000015258789,21.450000762939453,21.09000015258789,19.944515228271484
2018-06-15,30400,21.520000457763672,21.489999771118164,21.540000915527344,21.42099952697754,20.124195098876953
2018-06-14,20600,21.40399932861328,21.440000534057617,21.479999542236328,21.31800079345703,20.077373504638672
2018-06-13,84000,21.510000228881836,21.549999237060547,21.600000381469727,21.18000030517578,20.18037986755371
2018-06-12,32800,21.3700008392334,21.450000762939453,21.510000228881836,21.3700008392334,20.08673858642578
2018-06-11,48000,21.520000457763672,21.469999313354492,21.520000457763672,21.40999984741211,20.105464935302734
2018-06-08,28300,21.459999084472656,21.40999984741211,21.459999084472656,21.334999084472656,20.049280166625977
2018-06-07,26200,21.360000610351562,21.450000762939453,21.469999313354492,21.360000610351562,20.08673858642578
2018-06-06,12700,21.420000076293945,21.360000610351562,21.420000076293945,21.34000015258789,20.002458572387695
2018-06-05,86900,21.299999237060547,21.34000015258789,21.600000381469727,21.299999237060547,19.983726501464844
2018-06-04,38300,21.440000534057617,21.350000381469727,21.440000534057617,21.31599998474121,19.993093490600586
2018-06-01,9900,21.350000381469727,21.350000381469727,21.3700008392334,21.31999969482422,19.993093490600586
2018-05-31,31100,21.489999771118164,21.295000076293945,21.489999771118164,21.260000228881836,19.94158935546875
2018-05-30,52100,21.15999984741211,21.34000015258789,21.364999771118164,21.15999984741211,19.983726501464844
2018-05-29,45800,21.510000228881836,21.25,21.510000228881836,21.190000534057617,19.899452209472656
2018-05-25,15900,21.25,21.290000915527344,21.30500030517578,21.184999465942383,19.936908721923828
2018-05-24,20500,21.149999618530273,21.256999969482422,21.297000885009766,21.110000610351562,19.906002044677734
2018-05-23,18600,21.149999618530273,21.18000030517578,21.238000869750977,21.149999618530273,19.833898544311523
2018-05-22,73100,21.389999389648438,21.290000915527344,21.420000076293945,21.239999771118164,19.936908721923828
2018-05-21,39900,21.5,21.39900016784668,21.510000228881836,21.329999923706055,20.038978576660156
2018-05-18,53900,21.450000762939453,21.540000915527344,21.6200008392334,21.440000534057617,19.974365234375
2018-05-17,21700,21.329999923706055,21.389999389648438,21.437000274658203,21.329999923706055,19.835268020629883
2018-05-16,40900,21.469999313354492,21.329999923706055,21.538999557495117,21.329999923706055,19.779626846313477
2018-05-15,30100,21.479999542236328,21.350000381469727,21.479999542236328,21.229999542236328,19.798175811767578
2018-05-14,83300,21.270000457763672,21.459999084472656,21.631000518798828,21.209999084472656,19.90018081665039
2018-05-11,35300,21.25,21.239999771118164,21.274999618530273,21.100000381469727,19.696168899536133
2018-05-10,47800,21.229999542236328,20.989999771118164,21.229999542236328,20.959999084472656,19.464344024658203
2018-05-09,12800,20.90999984741211,21.030000686645508,21.030000686645508,20.90999984741211,19.501436233520508
2018-05-08,24800,20.860000610351562,20.920000076293945,21.049999237060547,20.860000610351562,19.399429321289062
2018-05-07,101700,21.100000381469727,21.030000686645508,21.100000381469727,20.860000610351562,19.501436233520508
2018-05-04,53700,21.0,20.969999313354492,21.25,20.93000030517578,19.4457950592041
2018-05-03,23400,21.139999389648438,21.09000015258789,21.190000534057617,21.09000015258789,19.55707359313965
2018-05-02,35500,20.975000381469727,21.1200008392334,21.190000534057617,20.961000442504883,19.584896087646484
2018-05-01,25600,20.927000045776367,21.0,21.040000915527344,20.809999465942383,19.47361183166504
2018-04-30,27400,21.010000228881836,20.8700008392334,21.073999404907227,20.8700008392334,19.353063583374023
2018-04-27,34000,20.68000030517578,20.989999771118164,20.989999771118164,20.68000030517578,19.464344024658203
2018-04-26,40700,21.020000457763672,20.8700008392334,21.020000457763672,20.799999237060547,19.353063583374023
2018-04-25,12700,20.844999313354492,20.780000686645508,20.844999313354492,20.709999084472656,19.269607543945312
2018-04-24,71000,21.010000228881836,20.770000457763672,21.059999465942383,20.760000228881836,19.260334014892578
2018-04-23,27900,20.950000762939453,20.940000534057617,21.010000228881836,20.711999893188477,19.41797637939453
2018-04-20,17400,20.860000610351562,20.790000915527344,20.860000610351562,20.6299991607666,19.278879165649414
2018-04-19,58800,21.100000381469727,20.649999618530273,21.100000381469727,20.5,19.1490535736084
2018-04-18,19600,21.059999465942383,21.100000381469727,21.100000381469727,20.899999618530273,19.566347122192383
2018-04-17,34400,20.84000015258789,21.059999465942383,21.06999969482422,20.84000015258789,19.529253005981445
2018-04-16,41200,20.93000030517578,20.860000610351562,21.059999465942383,20.788999557495117,19.34379005432129
2018-04-13,26500,20.809999465942383,20.850000381469727,21.110000610351562,20.809999465942383,19.334516525268555
2018-04-12,43700,20.950000762939453,21.100000381469727,21.100000381469727,20.729999542236328,19.566347122192383
2018-04-11,26600,20.950000762939453,21.049999237060547,21.159000396728516,20.950000762939453,19.325244903564453
2018-04-10,37100,21.18000030517578,20.969999313354492,21.2549991607666,20.96500015258789,19.251800537109375
2018-04-09,36500,21.239999771118164,21.020000457763672,21.239999771118164,20.950000762939453,19.297704696655273
2018-04-06,19200,20.899999618530273,20.93000030517578,21.030000686645508,20.829999923706055,19.215076446533203
2018-04-05,66600,20.989999771118164,20.969999313354492,20.989999771118164,20.889999389648438,19.251800537109375
2018-04-04,22200,20.799999237060547,20.899999618530273,20.969999313354492,20.690000534057617,19.187536239624023
2018-04-03,61900,20.350000381469727,20.850000381469727,20.8799991607666,20.350000381469727,19.141630172729492
2018-04-02,50600,20.399999618530273,20.520000457763672,20.600000381469727,20.30500030517578,18.838668823242188
2018-03-29,24600,20.329999923706055,20.350000381469727,20.399999618530273,20.270000457763672,18.682600021362305
2018-03-28,13700,20.385000228881836,20.329999923706055,20.42300033569336,20.329999923706055,18.66423797607422
2018-03-27,31800,20.239999771118164,20.399999618530273,20.43000030517578,20.239999771118164,18.728504180908203
2018-03-26,59700,20.549999237060547,20.25,20.65999984741211,20.25,18.590795516967773
2018-03-23,21500,20.540000915527344,20.520000457763672,20.659000396728516,20.520000457763672,18.838668823242188
2018-03-22,47300,20.666000366210938,20.530000686645508,20.709999084472656,20.520000457763672,18.847850799560547
2018-03-21,26800,20.829999923706055,20.690000534057617,20.829999923706055,20.65999984741211,18.994741439819336
2018-03-20,17600,20.649999618530273,20.799999237060547,20.799999237060547,20.579999923706055,19.09572982788086
2018-03-19,47500,21.100000381469727,20.844999313354492,21.100000381469727,20.65999984741211,19.137041091918945
2018-03-16,24400,21.0,21.09000015258789,21.09000015258789,20.90999984741211,19.361967086791992
2018-03-15,17800,20.989999771118164,21.013999938964844,21.113000869750977,20.90999984741211,19.292194366455078
2018-03-14,42200,20.8700008392334,21.15999984741211,21.360000610351562,20.8700008392334,19.233434677124023
2018-03-13,46100,21.1200008392334,21.0,21.239999771118164,20.969999313354492,19.08800506591797
2018-03-12,14500,20.950000762939453,21.049999237060547,21.1200008392334,20.889999389648438,19.133451461791992
2018-03-09,29100,20.989999771118164,20.940000534057617,21.139999389648438,20.920000076293945,19.033470153808594
2018-03-08,26400,20.389999389648438,20.989999771118164,21.0,20.389999389648438,19.078916549682617
2018-03-07,40500,20.65999984741211,20.75,20.878000259399414,20.579999923706055,18.860767364501953
2018-03-06,24100,20.790000915527344,20.719999313354492,20.790000915527344,20.68000030517578,18.833498001098633
2018-03-05,69800,20.649999618530273,20.739999771118164,20.788999557495117,20.368000030517578,18.85167694091797
2018-03-02,55900,20.399999618530273,20.43000030517578,20.690000534057617,20.281999588012695,18.569904327392578
2018-03-01,38300,20.5,20.420000076293945,20.709999084472656,20.40999984741211,18.560810089111328
2018-02-28,40800,20.81999969482422,20.510000228881836,20.81999969482422,20.510000228881836,18.642621994018555
2018-02-27,34900,20.889999389648438,20.68000030517578,20.889999389648438,20.540000915527344,18.79714012145996
2018-02-26,83400,20.899999618530273,20.75,20.93000030517578,20.66200065612793,18.860767364501953
2018-02-23,28000,20.989999771118164,20.90999984741211,21.0,20.75,19.00619888305664
2018-02-22,19200,20.649999618530273,20.770000457763672,20.850000381469727,20.649999618530273,18.878948211669922
2018-02-21,20900,20.809999465942383,20.670000076293945,20.8700008392334,20.649999618530273,18.78805160522461
2018-02-20,38900,20.809999465942383,20.65999984741211,20.809999465942383,20.625,18.77896499633789
2018-02-16,49500,20.670000076293945,20.709999084472656,20.8700008392334,20.510000228881836,18.82440948486328
2018-02-15,30400,20.850000381469727,20.799999237060547,20.8799991607666,20.700000762939453,18.906213760375977
2018-02-14,26200,20.780000686645508,20.940000534057617,20.940000534057617,20.687000274658203,18.842588424682617
2018-02-13,37300,20.75,20.799999237060547,20.8799991607666,20.729999542236328,18.716609954833984
2018-02-12,55200,20.610000610351562,20.850000381469727,20.850000381469727,20.5,18.7616024017334
2018-02-09,99800,20.700000762939453,20.604999542236328,20.868999481201172,20.360000610351562,18.541141510009766
2018-02-08,75200,20.989999771118164,20.700000762939453,20.989999771118164,20.6200008392334,18.626625061035156
2018-02-07,89900,20.610000610351562,20.850000381469727,21.09000015258789,20.610000610351562,18.7616024017334
2018-02-06,136700,20.049999237060547,20.889999389648438,20.959999084472656,20.02199935913086,18.797595977783203
2018-02-05,191700,20.510000228881836,20.290000915527344,20.829999923706055,20.200000762939453,18.257694244384766
2018-02-02,75800,20.75,20.639999389648438,21.020000457763672,20.600000381469727,18.5726375579834
2018-02-01,61400,20.950000762939453,20.889999389648438,21.030000686645508,20.790000915527344,18.797595977783203
2018-01-31,97700,20.540000915527344,21.06999969482422,21.09000015258789,20.540000915527344,18.959566116333008
2018-01-30,53900,20.079999923706055,20.56999969482422,20.600000381469727,20.079999923706055,18.5096492767334
2018-01-29,89800,20.899999618530273,20.56999969482422,20.950000762939453,20.559999465942383,18.5096492767334
2018-01-26,51400,20.84000015258789,20.950000762939453,20.950000762939453,20.84000015258789,18.851587295532227
2018-01-25,29200,20.899999618530273,20.81999969482422,20.899999618530273,20.799999237060547,18.73460578918457
2018-01-24,52400,20.790000915527344,20.81999969482422,20.90999984741211,20.739999771118164,18.73460578918457
2018-01-23,32000,20.770000457763672,20.719999313354492,20.770000457763672,20.549999237060547,18.644620895385742
2018-01-22,35200,20.469999313354492,20.649999618530273,20.649999618530273,20.420000076293945,18.581632614135742
2018-01-19,41500,20.434999465942383,20.459999084472656,20.5,20.270000457763672,18.410663604736328
2018-01-18,81300,20.575000762939453,20.299999237060547,20.700000762939453,20.299999237060547,18.266693115234375
2018-01-17,48600,20.719999313354492,20.559999465942383,20.719999313354492,20.559999465942383,18.500648498535156
2018-01-16,69800,20.850000381469727,20.65999984741211,20.850000381469727,20.540000915527344,18.590633392333984
2018-01-12,68700,20.639999389648438,20.850000381469727,20.8799991607666,20.540000915527344,18.7616024017334
2018-01-11,118000,20.979999542236328,20.520000457763672,20.979999542236328,20.499000549316406,18.464656829833984
2018-01-10,78700,20.889999389648438,20.8700008392334,20.899999618530273,20.600000381469727,18.590633392333984
2018-01-09,123300,20.719999313354492,20.920000076293945,20.989999771118164,20.68000030517578,18.635175704956055
2018-01-08,141700,20.43000030517578,20.68000030517578,20.698999404907227,20.420000076293945,18.421384811401367
2018-01-05,50100,20.209999084472656,20.360000610351562,20.360000610351562,20.200000762939453,18.136333465576172
2018-01-04,48500,20.299999237060547,20.209999084472656,20.329999923706055,20.200000762939453,18.002714157104492
2018-01-03,40100,20.229999542236328,20.25,20.299999237060547,20.209999084472656,18.038349151611328
2018-01-02,92500,20.030000686645508,20.209999084472656,20.239999771118164,20.030000686645508,18.002714157104492
2017-12-29,44200,19.950000762939453,20.020000457763672,20.049999237060547,19.950000762939453,17.833471298217773
2017-12-28,20800,19.899999618530273,19.950000762939453,19.950000762939453,19.860000610351562,17.771114349365234
2017-12-27,52100,19.81999969482422,19.850000381469727,19.889999389648438,19.760000228881836,17.682037353515625
2017-12-26,62200,19.799999237060547,19.829999923706055,19.829999923706055,19.739999771118164,17.66421890258789
2017-12-22,60300,19.799999237060547,19.790000915527344,19.799999237060547,19.704999923706055,17.62858772277832
2017-12-21,101800,19.690000534057617,19.75,19.790000915527344,19.670000076293945,17.592958450317383
2017-12-20,107200,19.579999923706055,19.649999618530273,19.670000076293945,19.549999237060547,17.50387954711914
2017-12-19,91100,19.45599937438965,19.520000457763672,19.600000381469727,19.391000747680664,17.388078689575195
2017-12-18,51800,19.389999389648438,19.399999618530273,19.468000411987305,19.3700008392334,17.28118324279785
2017-12-15,183400,19.600000381469727,19.389999389648438,19.6200008392334,19.100000381469727,17.27227020263672
2017-12-14,33800,19.65999984741211,19.540000915527344,19.670000076293945,19.510000228881836,17.405893325805664
2017-12-13,47500,19.690000534057617,19.770000457763672,19.780000686645508,19.670000076293945,17.423707962036133
2017-12-12,41400,19.649999618530273,19.670000076293945,19.739999771118164,19.6299991607666,17.335575103759766
2017-12-11,48600,19.690000534057617,19.670000076293945,19.690000534057617,19.610000610351562,17.335575103759766
2017-12-08,33100,19.6200008392334,19.610000610351562,19.719999313354492,19.510000228881836,17.282695770263672
2017-12-07,32300,19.68000030517578,19.6299991607666,19.711999893188477,19.60099983215332,17.300323486328125
2017-12-06,92300,19.760000228881836,19.719999313354492,19.770000457763672,19.6299991607666,17.379640579223633
2017-12-05,108500,19.649999618530273,19.670000076293945,19.799999237060547,19.510000228881836,17.335575103759766
2017-12-04,43700,19.690000534057617,19.600000381469727,19.770000457763672,19.584999084472656,17.273883819580078
2017-12-01,83500,19.6200008392334,19.549999237060547,19.785999298095703,19.440000534057617,17.229812622070312
2017-11-30,96300,19.670000076293945,19.6200008392334,19.690000534057617,19.389999389648438,17.2915096282959
2017-11-29,34600,19.56999969482422,19.56999969482422,19.649999618530273,19.479999542236328,17.2474422454834
2017-11-28,109600,19.549999237060547,19.6299991607666,19.75,19.479999542236328,17.300323486328125
2017-11-27,48100,19.43000030517578,19.549999237060547,19.56999969482422,19.389999389648438,17.229812622070312
2017-11-24,24600,19.639999389648438,19.440000534057617,19.670000076293945,19.329999923706055,17.13286781311035
2017-11-22,24700,19.593000411987305,19.639999389648438,19.65999984741211,19.59000015258789,17.30913734436035
2017-11-21,96600,19.350000381469727,19.639999389648438,19.690000534057617,19.350000381469727,17.30913734436035
2017-11-20,99600,19.579999923706055,19.3700008392334,19.579999923706055,19.350000381469727,17.071178436279297
2017-11-17,169300,19.799999237060547,19.579999923706055,19.799999237060547,19.364999771118164,17.25625991821289
2017-11-16,128600,19.690000534057617,19.760000228881836,19.812000274658203,19.649999618530273,17.41489601135254
2017-11-15,112400,19.75,19.899999618530273,20.0,19.719999313354492,17.35320281982422
2017-11-14,98200,20.280000686645508,19.84000015258789,20.280000686645508,19.790000915527344,17.30088233947754
2017-11-13,64500,20.3700008392334,20.280000686645508,20.440000534057617,20.200000762939453,17.6845703125
2017-11-10,85500,20.5,20.440000534057617,20.5,20.1200008392334,17.824092864990234
2017-11-09,109600,20.950000762939453,20.610000610351562,20.950000762939453,20.0,17.972339630126953
2017-11-08,66300,20.649999618530273,20.5,20.768999099731445,20.5,17.87641143798828
2017-11-07,52100,20.56999969482422,20.559999465942383,20.649999618530273,20.538999557495117,17.928735733032227
2017-11-06,49500,20.5,20.540000915527344,20.799999237060547,20.5,17.911296844482422
2017-11-03,41900,20.600000381469727,20.549999237060547,20.865999221801758,20.530000686645508,17.920015335083008
2017-11-02,31400,20.56999969482422,20.68000030517578,20.739999771118164,20.40999984741211,18.03337860107422
2017-11-01,89400,20.479999542236328,20.559999465942383,20.649999618530273,20.468000411987305,17.928735733032227
2017-10-31,73000,20.65999984741211,20.5,20.65999984741211,20.34000015258789,17.87641143798828
2017-10-30,49500,20.709999084472656,20.639999389648438,20.81999969482422,20.540000915527344,17.998497009277344
2017-10-27,61700,20.6299991607666,20.860000610351562,20.950000762939453,20.6299991607666,18.19034194946289
2017-10-26,47500,20.549999237060547,20.579999923706055,20.729999542236328,20.25,17.946178436279297
2017-10-25,71300,20.231000900268555,20.31999969482422,20.697999954223633,20.229999542236328,17.719449996948242
2017-10-24,66900,20.260000228881836,20.270000457763672,20.399999618530273,20.209999084472656,17.675851821899414
2017-10-23,86400,19.969999313354492,20.239999771118164,20.40999984741211,19.969999313354492,17.649690628051758
2017-10-20,28500,20.049999237060547,19.989999771118164,20.049999237060547,19.891000747680664,17.43168067932129
2017-10-19,54200,19.809999465942383,20.010000228881836,20.049999237060547,19.809999465942383,17.449125289916992
2017-10-18,115800,19.81999969482422,19.809999465942383,19.989999771118164,19.801000595092773,17.274723052978516
2017-10-17,70700,20.049999237060547,19.756000518798828,20.049999237060547,19.700000762939453,17.22763442993164
2017-10-16,36100,20.059999465942383,20.049999237060547,20.1200008392334,20.020000457763672,17.483999252319336
2017-10-13,32700,19.850000381469727,20.03499984741211,20.100000381469727,19.850000381469727,17.47092628479004
2017-10-12,73400,20.139999389648438,19.989999771118164,20.139999389648438,19.889999389648438,17.43168067932129
2017-10-11,241700,20.100000381469727,20.049999237060547,20.15999984741211,20.010000228881836,17.30088233947754
2017-10-10,117100,20.482282638549805,20.777559280395508,20.944881439208984,20.305118560791016,17.928686141967773
2017-10-09,87300,20.531496047973633,20.718503952026367,20.75787353515625,20.46259880065918,17.877723693847656
2017-10-06,41400,20.275590896606445,20.659448623657227,20.75787353515625,20.275590896606445,17.826770782470703
2017-10-05,122700,20.275590896606445,20.43307113647461,20.472440719604492,20.177165985107422,17.63142967224121
2017-10-04,116200,20.02952766418457,20.16338539123535,20.206693649291992,19.88188934326172,17.398717880249023
2017-10-03,137100,20.216535568237305,20.11811065673828,20.35433006286621,19.872047424316406,17.359651565551758
2017-10-02,18900,20.32480239868164,20.398622512817383,20.43307113647461,20.32480239868164,17.601703643798828
2017-09-29,70400,20.009841918945312,20.314960479736328,20.37401580810547,20.0,17.529512405395508
2017-09-28,44000,20.02952766418457,19.94094467163086,20.02952766418457,19.753936767578125,17.20677947998047
2017-09-27,29700,20.11811065673828,19.86023712158203,20.11811065673828,19.85236167907715,17.13714027404785
2017-09-26,71100,20.0787410736084,19.94094467163086,20.0787410736084,19.793306350708008,17.20677947998047
2017-09-25,58600,20.206693649291992,20.11811065673828,20.246063232421875,19.94094467163086,17.359651565551758
2017-09-22,28200,20.100393295288086,20.206693649291992,20.275590896606445,20.054134368896484,17.43609046936035
2017-09-21,32900,20.009841918945312,20.107282638549805,20.177165985107422,19.931102752685547,17.350309371948242
2017-09-20,151000,20.206693649291992,20.02952766418457,20.254920959472656,19.901575088500977,17.283218383789062
2017-09-19,142200,20.718503952026367,20.285432815551758,20.722440719604492,20.127952575683594,17.5040340423584
2017-09-18,28300,20.69881820678711,20.748031616210938,20.767717361450195,20.69881820678711,17.90320587158203
2017-09-15,20100,20.69881820678711,20.66929054260254,20.700786590576172,20.629920959472656,17.83525848388672
2017-09-14,18000,20.974409103393555,20.748031616210938,20.974409103393555,20.664369583129883,17.90320587158203
2017-09-13,24700,20.649606704711914,20.989173889160156,20.989173889160156,20.649606704711914,17.93292808532715
2017-09-12,22600,20.77066993713379,20.767717361450195,20.77263832092285,20.590551376342773,17.74372100830078
2017-09-11,11400,20.620079040527344,20.688976287841797,20.767717361450195,20.620079040527344,17.676448822021484
2017-09-08,24700,20.629920959472656,20.63188934326172,20.851377487182617,20.629920959472656,17.627670288085938
2017-09-07,13200,20.748031616210938,20.63287353515625,20.805118560791016,20.552165985107422,17.62851333618164
2017-09-06,17300,20.63976287841797,20.708662033081055,20.72834587097168,20.600393295288086,17.693265914916992
2017-09-05,58000,20.856298446655273,20.63976287841797,20.856298446655273,20.52165412902832,17.634403228759766
2017-09-01,7700,20.718503952026367,20.81692886352539,20.81692886352539,20.58070945739746,17.785764694213867
2017-08-31,16600,20.620079040527344,20.708662033081055,20.718503952026367,20.575786590576172,17.693265914916992
2017-08-30,20100,20.620079040527344,20.620079040527344,20.700786590576172,20.570865631103516,17.617582321166992
2017-08-29,38700,20.708662033081055,20.649606704711914,20.797245025634766,20.541337966918945,17.64280891418457
2017-08-28,20900,20.885826110839844,20.826770782470703,20.885826110839844,20.69881820678711,17.79417610168457
2017-08-25,52700,20.52165412902832,20.81692886352539,20.83661460876465,20.442913055419922,17.785764694213867
2017-08-24,12900,20.92519760131836,20.915353775024414,20.956693649291992,20.84645652770996,17.86985969543457
2017-08-23,20400,20.807086944580078,20.885826110839844,20.95472526550293,20.768701553344727,17.844633102416992
2017-08-22,11300,20.740158081054688,20.81692886352539,20.84645652770996,20.740158081054688,17.785764694213867
2017-08-21,21000,20.629920959472656,20.679134368896484,20.718503952026367,20.605314254760742,17.66803741455078
2017-08-18,27600,20.501968383789062,20.629920959472656,20.658464431762695,20.46259880065918,17.625991821289062
2017-08-17,30200,20.659448623657227,20.46259880065918,20.708662033081055,20.423229217529297,17.483036041259766
2017-08-16,9500,20.688976287841797,20.708662033081055,20.83661460876465,20.63976287841797,17.693265914916992
2017-08-15,24700,20.63976287841797,20.570865631103516,20.63976287841797,20.452754974365234,17.575529098510742
2017-08-14,44800,20.688976287841797,20.58070945739746,20.688976287841797,20.364173889160156,17.583946228027344
2017-08-11,42000,20.127952575683594,20.629920959472656,20.688976287841797,20.019685745239258,17.625991821289062
2017-08-10,75500,20.688976287841797,20.05905532836914,20.688976287841797,20.019685745239258,17.13825225830078
2017-08-09,39600,21.082677841186523,20.915353775024414,21.141733169555664,20.826770782470703,17.693265914916992
2017-08-08,47000,21.043306350708008,21.16141700744629,21.16141700744629,21.018701553344727,17.901424407958984
2017-08-07,38300,21.072834014892578,21.043306350708008,21.1712589263916,20.86614227294922,17.801509857177734
2017-08-04,25600,20.856298446655273,20.964567184448242,20.964567184448242,20.807086944580078,17.73489761352539
2017-08-03,28500,20.718503952026367,20.738189697265625,20.797245025634766,20.66929054260254,17.543397903442383
2017-08-02,30600,20.84645652770996,20.679134368896484,20.891733169555664,20.679134368896484,17.493440628051758
2017-08-01,33600,20.791337966918945,20.807086944580078,20.97145652770996,20.748031616210938,17.6016788482666
2017-07-31,27000,20.89566993713379,20.708662033081055,20.915353775024414,20.66929054260254,17.518417358398438
2017-07-28,38100,20.797245025634766,20.708662033081055,20.85433006286621,20.58070945739746,17.518417358398438
2017-07-27,54000,20.915353775024414,20.856298446655273,20.92519760131836,20.196849822998047,17.643310546875
2017-07-26,45600,20.61023712158203,20.915353775024414,20.95472526550293,20.55118179321289,17.693265914916992
2017-07-25,47500,20.32480239868164,20.61023712158203,20.659448623657227,20.2962589263916,17.435155868530273
2017-07-24,55300,20.02952766418457,20.236221313476562,20.35433006286621,19.950786590576172,17.118757247924805
2017-07-21,89200,20.649606704711914,20.039369583129883,20.649606704711914,19.862205505371094,16.952232360839844
2017-07-20,47500,20.561023712158203,20.52952766418457,20.668306350708008,20.472440719604492,17.366880416870117
2017-07-19,46100,20.55118179321289,20.55019760131836,20.589567184448242,20.409448623657227,17.38436508178711
2017-07-18,81600,20.52165412902832,20.38385772705078,20.80905532836914,20.364173889160156,17.243650436401367
2017-07-17,38300,20.885826110839844,20.748031616210938,21.062992095947266,20.688976287841797,17.55172348022461
2017-07-14,21700,20.86614227294922,20.865158081054688,21.003936767578125,20.78740119934082,17.650802612304688
2017-07-13,65500,21.092519760131836,20.86614227294922,21.092519760131836,20.85334587097168,17.65163803100586
2017-07-12,44100,21.061023712158203,21.082677841186523,21.181102752685547,21.023622512817383,17.71824073791504
2017-07-11,35600,20.86614227294922,20.984251022338867,21.141733169555664,20.679134368896484,17.635522842407227
2017-07-10,133100,20.66929054260254,20.839567184448242,21.230314254760742,20.66929054260254,17.51392936706543
2017-07-07,86700,20.718503952026367,20.600393295288086,20.792322158813477,20.43307113647461,17.312925338745117
2017-07-06,102300,20.600393295288086,20.501968383789062,20.600393295288086,20.472440719604492,17.230207443237305
2017-07-05,154800,20.275590896606445,20.600393295288086,20.737205505371094,20.039369583129883,17.312925338745117
2017-07-03,112000,19.783464431762695,19.931102752685547,19.990158081054688,19.783464431762695,16.75044059753418
2017-06-30,81900,19.53740119934082,19.6555118560791,19.773622512817383,19.517717361450195,16.518829345703125
2017-06-29,7200,19.635826110839844,19.44881820678711,19.6555118560791,19.399606704711914,16.345121383666992
2017-06-28,10900,19.67519760131836,19.50787353515625,19.67519760131836,19.488189697265625,16.39474868774414
2017-06-27,25100,19.53740119934082,19.429134368896484,19.63287353515625,19.409448623657227,16.328575134277344
2017-06-26,7300,19.724409103393555,19.576770782470703,19.724409103393555,19.557086944580078,16.452651977539062
2017-06-23,24500,19.734251022338867,19.517717361450195,19.734251022338867,19.114173889160156,16.40302085876465
2017-06-22,10200,19.628936767578125,19.62598419189453,19.635826110839844,19.53740119934082,16.49401092529297
2017-06-21,17500,19.694881439208984,19.547245025634766,19.708662033081055,19.547245025634766,16.427841186523438
2017-06-20,12300,19.70472526550293,19.685039520263672,19.70472526550293,19.6555118560791,16.54364013671875
2017-06-19,6900,19.59645652770996,19.723424911499023,19.734251022338867,19.58661460876465,16.57590103149414
2017-06-16,6700,19.64665412902832,19.626968383789062,19.64665412902832,19.56692886352539,16.49483871459961
2017-06-15,14100,19.635826110839844,19.58661460876465,19.694881439208984,19.557086944580078,16.460920333862305
2017-06-14,16600,19.803150177001953,19.744094848632812,19.803150177001953,19.724409103393555,16.47746467590332
2017-06-13,17500,19.793306350708008,19.803150177001953,19.803150177001953,19.734251022338867,16.526748657226562
2017-06-12,5700,19.773622512817383,19.744094848632812,19.773622512817383,19.744094848632812,16.47746467590332
2017-06-09,10500,19.803150177001953,19.803150177001953,19.803150177001953,19.753936767578125,16.526748657226562
2017-06-08,29900,19.734251022338867,19.891733169555664,19.891733169555664,19.686023712158203,16.600679397583008
2017-06-07,11800,19.62598419189453,19.724409103393555,19.734251022338867,19.62598419189453,16.461036682128906
2017-06-06,11700,19.61614227294922,19.658464431762695,19.70472526550293,19.569881439208984,16.406002044677734
2017-06-05,9600,19.606298446655273,19.64566993713379,19.64763832092285,19.57381820678711,16.39532470703125
2017-06-02,18200,19.665353775024414,19.64566993713379,19.665353775024414,19.527559280395508,16.39532470703125
2017-06-01,4300,19.685039520263672,19.64566993713379,19.686023712158203,19.64566993713379,16.39532470703125
2017-05-31,59200,19.753936767578125,19.635826110839844,19.832677841186523,19.59645652770996,16.38711166381836
2017-05-30,10800,19.69094467163086,19.730314254760742,19.730314254760742,19.64566993713379,16.46596336364746
2017-05-26,9300,19.638778686523438,19.70472526550293,19.734251022338867,19.638778686523438,16.44460678100586
2017-05-25,15000,19.685039520263672,19.714567184448242,19.734251022338867,19.62598419189453,16.452823638916016
2017-05-24,7100,19.61614227294922,19.6555118560791,19.685039520263672,19.597440719604492,16.40353775024414
2017-05-23,8000,19.606298446655273,19.6555118560791,19.685039520263672,19.576770782470703,16.40353775024414
2017-05-22,9700,19.60236167907715,19.557086944580078,19.64566993713379,19.54527473449707,16.32139778137207
2017-05-19,15100,19.46358299255371,19.53740119934082,19.592519760131836,19.46358299255371,16.304969787597656
2017-05-18,11300,19.428150177001953,19.438976287841797,19.557086944580078,19.428150177001953,16.22283172607422
2017-05-17,16700,19.498031616210938,19.53838539123535,19.734251022338867,19.464567184448242,16.19078826904297
2017-05-16,22000,19.68405532836914,19.606298446655273,19.685039520263672,19.59645652770996,16.247066497802734
2017-05-15,10900,19.50787353515625,19.67519760131836,19.714567184448242,19.498031616210938,16.304162979125977
2017-05-12,8100,19.576770782470703,19.498031616210938,19.58661460876465,19.498031616210938,16.157346725463867
2017-05-11,32000,19.734251022338867,19.576770782470703,19.734251022338867,19.4694881439209,16.222593307495117
2017-05-10,11600,19.685039520263672,19.724409103393555,19.822834014892578,19.685039520263672,16.344940185546875
2017-05-09,23800,19.685039520263672,19.67519760131836,19.773622512817383,19.62598419189453,16.304162979125977
2017-05-08,21800,19.773622512817383,19.694881439208984,19.773622512817383,19.67519760131836,16.32047462463379
2017-05-05,18200,19.734251022338867,19.734251022338867,19.842519760131836,19.694881439208984,16.35309410095215
2017-05-04,5100,19.862205505371094,19.70472526550293,19.862205505371094,19.685039520263672,16.32862663269043
2017-05-03,14400,19.803150177001953,19.862205505371094,19.862205505371094,19.753936767578125,16.459125518798828
2017-05-02,28800,19.768701553344727,19.812007904052734,19.872047424316406,19.734251022338867,16.41753387451172
2017-05-01,39000,19.714567184448242,19.783464431762695,19.88188934326172,19.700786590576172,16.393878936767578
2017-04-28,11700,19.785432815551758,19.803150177001953,19.807086944580078,19.724409103393555,16.41019058227539
2017-04-27,13800,19.753936767578125,19.753936767578125,19.803150177001953,19.67519760131836,16.369409561157227
2017-04-26,17600,19.763778686523438,19.793306350708008,19.812992095947266,19.606298446655273,16.40203285217285
2017-04-25,11700,19.56692886352539,19.744094848632812,19.773622512817383,19.547245025634766,16.361251831054688
2017-04-24,24400,19.438976287841797,19.62598419189453,19.744094848632812,19.438976287841797,16.263378143310547
2017-04-21,15200,19.62598419189453,19.370079040527344,19.665353775024414,19.311023712158203,16.051315307617188
2017-04-20,16600,19.47834587097168,19.59645652770996,19.685039520263672,19.47834587097168,16.238914489746094
2017-04-19,18500,19.547245025634766,19.50787353515625,19.64566993713379,19.44881820678711,16.165502548217773
2017-04-18,12800,19.465551376342773,19.47834587097168,19.53740119934082,19.44881820678711,16.14103889465332
2017-04-17,12700,19.773622512817383,19.576770782470703,19.773622512817383,19.341535568237305,16.222593307495117
2017-04-13,23300,19.44881820678711,19.59645652770996,19.606298446655273,19.429134368896484,16.238914489746094
2017-04-12,35800,19.685039520263672,19.458662033081055,19.685039520263672,19.251968383789062,16.124725341796875
2017-04-11,20700,19.56692886352539,19.773622512817383,19.783464431762695,19.55807113647461,16.27153205871582
2017-04-10,7100,19.50787353515625,19.56594467163086,19.56692886352539,19.50787353515625,16.10063934326172
2017-04-07,17400,19.44881820678711,19.50787353515625,19.50787353515625,19.391733169555664,16.0528507232666
2017-04-06,23800,19.409448623657227,19.44881820678711,19.450786590576172,19.320865631103516,16.00425148010254
2017-04-05,9400,19.458662033081055,19.38976287841797,19.468503952026367,19.355314254760742,15.955658912658691
2017-04-04,11600,19.375,19.379920959472656,19.4537410736084,19.36023712158203,15.947561264038086
2017-04-03,10800,19.340551376342773,19.320865631103516,19.370079040527344,19.30118179321289,15.898965835571289
2017-03-31,15100,19.27066993713379,19.311023712158203,19.41929054260254,19.21259880065918,15.890864372253418
2017-03-30,11000,19.370079040527344,19.281496047973633,19.38976287841797,19.18405532836914,15.86656665802002
2017-03-29,13100,19.30118179321289,19.1712589263916,19.3444881439209,19.084646224975586,15.775853157043457
2017-03-28,22700,19.10433006286621,19.222440719604492,19.343503952026367,19.0944881439209,15.817967414855957
2017-03-27,5500,19.25787353515625,19.164369583129883,19.340551376342773,19.10433006286621,15.770182609558105
2017-03-24,3300,19.261810302734375,19.202754974365234,19.261810302734375,19.129920959472656,15.80176830291748
2017-03-23,9300,19.340551376342773,19.114173889160156,19.340551376342773,19.10433006286621,15.728877067565918
2017-03-22,5500,19.15354347229004,19.223424911499023,19.31594467163086,19.15354347229004,15.818780899047852
2017-03-21,11800,19.350393295288086,19.24212646484375,19.415353775024414,19.24212646484375,15.8341703414917
2017-03-20,9700,19.291337966918945,19.33070945739746,19.340551376342773,19.231298446655273,15.907063484191895
2017-03-17,1900,19.4055118560791,19.311023712158203,19.4055118560791,19.143701553344727,15.890864372253418
2017-03-16,14500,19.173229217529297,19.222440719604492,19.247047424316406,19.049213409423828,15.817967414855957
2017-03-15,11800,19.232282638549805,19.16338539123535,19.255905151367188,19.14566993713379,15.65597915649414
2017-03-14,5800,19.18307113647461,19.24212646484375,19.24212646484375,19.150590896606445,15.720308303833008
2017-03-13,17500,19.33759880065918,19.13385772705078,19.33759880065918,19.0944881439209,15.631852149963379
2017-03-10,8700,19.21259880065918,19.192913055419922,19.365158081054688,19.192913055419922,15.680105209350586
2017-03-09,27400,19.36023712158203,19.251968383789062,19.38976287841797,19.21259880065918,15.728350639343262
2017-03-08,17900,19.377952575683594,19.350393295288086,19.47736167907715,19.33070945739746,15.808759689331055
2017-03-07,23600,19.458662033081055,19.379920959472656,19.458662033081055,19.18307113647461,15.832883834838867
2017-03-06,16400,19.36023712158203,19.27165412902832,19.438976287841797,19.262794494628906,15.744433403015137
2017-03-03,4800,19.438976287841797,19.378936767578125,19.458662033081055,19.371063232421875,15.832077980041504
2017-03-02,1700,19.59645652770996,19.458662033081055,19.59645652770996,19.44881820678711,15.897212028503418
2017-03-01,19100,19.71358299255371,19.685039520263672,19.71358299255371,19.350393295288086,16.082157135009766
2017-02-28,19400,19.399606704711914,19.33070945739746,19.598424911499023,19.311023712158203,15.792681694030762
2017-02-27,17900,19.370079040527344,19.557086944580078,19.62598419189453,19.21259880065918,15.97762393951416
2017-02-24,19400,19.714567184448242,19.38976287841797,19.714567184448242,19.202754974365234,15.840925216674805
2017-02-23,40900,19.379920959472656,19.429134368896484,19.516733169555664,19.281496047973633,15.873087882995605
2017-02-22,18200,19.44881820678711,19.458662033081055,19.458662033081055,19.192913055419922,15.897212028503418
2017-02-21,7900,19.21358299255371,19.458662033081055,19.527559280395508,19.21358299255371,15.897212028503418
2017-02-17,3800,19.44881820678711,19.44881820678711,19.498031616210938,19.438976287841797,15.889168739318848
2017-02-16,22700,19.44980239868164,19.488189697265625,19.66338539123535,19.370079040527344,15.92133903503418
2017-02-15,16700,19.24212646484375,19.62598419189453,19.6555118560791,19.24212646484375,15.921331405639648
2017-02-14,10800,19.58661460876465,19.498031616210938,19.58661460876465,19.261810302734375,15.81752872467041
2017-02-13,43200,19.70472526550293,19.606298446655273,19.768701553344727,19.458662033081055,15.90535831451416
2017-02-10,11000,19.517717361450195,19.557086944580078,19.6555118560791,19.399606704711914,15.865440368652344
2017-02-09,8100,19.47736167907715,19.36023712158203,19.635826110839844,19.36023712158203,15.705748558044434
2017-02-08,26500,19.562992095947266,19.498031616210938,19.562992095947266,19.261810302734375,15.81752872467041
2017-02-07,32300,19.4694881439209,19.399606704711914,19.52263832092285,19.340551376342773,15.73768138885498
2017-02-06,20200,19.53740119934082,19.36023712158203,19.53740119934082,19.350393295288086,15.705748558044434
2017-02-03,9000,19.517717361450195,19.517717361450195,19.576770782470703,19.44881820678711,15.833498001098633
2017-02-02,14400,19.33070945739746,19.488189697265625,19.641733169555664,19.33070945739746,15.809549331665039
2017-02-01,4500,19.202754974365234,19.33070945739746,19.33070945739746,19.202754974365234,15.681795120239258
2017-01-31,18500,19.340551376342773,19.30118179321289,19.340551376342773,19.093503952026367,15.657840728759766
2017-01-30,11200,18.986221313476562,19.05905532836914,19.084646224975586,18.986221313476562,15.46141529083252
2017-01-27,7200,19.192913055419922,19.04527473449707,19.192913055419922,19.005905151367188,15.450236320495605
2017-01-26,12900,19.261810302734375,19.311023712158203,19.320865631103516,18.996063232421875,15.665820121765137
2017-01-25,16500,18.907480239868164,19.136810302734375,19.232282638549805,18.907480239868164,15.524493217468262
2017-01-24,52800,19.084646224975586,18.927165985107422,19.33070945739746,18.562007904052734,15.354425430297852
2017-01-23,25000,19.08661460876465,19.143701553344727,19.222440719604492,19.04527473449707,15.530083656311035
2017-01-20,9400,19.143701553344727,19.13188934326172,19.15354347229004,18.996063232421875,15.520505905151367
2017-01-19,48200,19.005905151367188,19.005905151367188,19.15354347229004,18.69094467163086,15.418307304382324
2017-01-18,16400,18.86811065673828,18.927165985107422,19.340551376342773,18.818897247314453,15.354425430297852
2017-01-17,15300,18.799213409423828,18.89763832092285,18.89763832092285,18.78838539123535,15.330470085144043
2017-01-13,22600,18.60236167907715,18.754920959472656,18.799213409423828,18.57381820678711,15.214690208435059
2017-01-12,16500,18.523622512817383,18.592519760131836,18.60236167907715,18.464567184448242,15.08294677734375
2017-01-11,8600,18.877952575683594,18.769685745239258,18.877952575683594,18.740158081054688,15.11488151550293
2017-01-10,15600,18.77066993713379,18.877952575683594,18.937007904052734,18.700786590576172,15.202067375183105
2017-01-09,24900,18.789369583129883,18.799213409423828,18.85334587097168,18.622047424316406,15.138659477233887
2017-01-06,1900,18.77952766418457,18.818897247314453,19.311023712158203,18.725393295288086,15.154511451721191
2017-01-05,11900,18.700786590576172,18.622047424316406,18.72047233581543,18.484251022338867,14.995990753173828
2017-01-04,10500,18.700786590576172,18.572834014892578,18.700786590576172,18.533464431762695,14.956360816955566
2017-01-03,19700,18.700786590576172,18.533464431762695,18.700786590576172,18.484251022338867,14.924657821655273
2016-12-30,44100,18.622047424316406,18.60236167907715,18.652559280395508,18.218503952026367,14.980138778686523
2016-12-29,19900,18.582677841186523,18.553150177001953,18.651575088500977,18.517717361450195,14.940509796142578
2016-12-28,13400,18.45472526550293,18.572834014892578,18.572834014892578,18.34645652770996,14.956360816955566
2016-12-27,33700,18.556102752685547,18.42519760131836,18.582677841186523,18.42519760131836,14.837470054626465
2016-12-23,14700,18.45472526550293,18.49114227294922,18.651575088500977,18.36614227294922,14.890576362609863
2016-12-22,20000,18.415353775024414,18.474409103393555,18.63188934326172,18.415353775024414,14.877099990844727
2016-12-21,27700,18.36614227294922,18.484251022338867,18.543306350708008,18.34645652770996,14.885031700134277
2016-12-20,22800,18.31692886352539,18.444881439208984,18.444881439208984,18.25787353515625,14.853323936462402
2016-12-19,12500,18.208662033081055,18.326770782470703,18.41338539123535,18.16338539123535,14.758211135864258
2016-12-16,48000,18.56594467163086,18.208662033081055,18.56594467163086,18.001968383789062,14.66309928894043
2016-12-15,11400,18.592519760131836,18.474409103393555,18.640748977661133,18.417322158813477,14.877099990844727
2016-12-14,25500,18.484251022338867,18.592519760131836,18.700786590576172,18.385826110839844,14.861244201660156
2016-12-13,4300,18.53740119934082,18.66141700744629,18.681102752685547,18.515748977661133,14.9163179397583
2016-12-12,9900,18.444881439208984,18.45472526550293,18.484251022338867,18.335630416870117,14.751104354858398
2016-12-09,11000,18.609251022338867,18.553150177001953,18.609251022338867,18.45472526550293,14.829776763916016
2016-12-08,9900,18.553150177001953,18.612205505371094,18.7194881439209,18.553150177001953,14.876976013183594
2016-12-07,1800,18.560039520263672,18.50787353515625,18.640748977661133,18.490158081054688,14.793585777282715
2016-12-06,4500,18.444881439208984,18.45472526550293,18.612205505371094,18.37598419189453,14.751104354858398
2016-12-05,8400,18.358266830444336,18.37598419189453,18.42027473449707,18.34645652770996,14.688163757324219
2016-12-02,7600,18.375,18.376968383789062,18.467519760131836,18.307086944580078,14.688953399658203
2016-12-01,20400,18.523622512817383,18.356298446655273,18.523622512817383,18.307086944580078,14.672430992126465
2016-11-30,13800,18.72047233581543,18.484251022338867,18.862205505371094,18.326770782470703,14.774709701538086
2016-11-29,12000,18.70472526550293,18.700786590576172,18.966535568237305,18.6712589263916,14.947785377502441
2016-11-28,11200,18.75,18.612205505371094,18.75,18.60236167907715,14.876976013183594
2016-11-25,7400,18.937007904052734,18.877952575683594,19.261810302734375,18.612205505371094,15.089395523071289
2016-11-23,12900,18.553150177001953,19.21259880065918,19.21259880065918,18.553150177001953,15.356881141662598
2016-11-22,8700,18.582677841186523,18.622047424316406,18.700786590576172,18.523622512817383,14.884846687316895
2016-11-21,16200,18.503936767578125,18.582677841186523,18.582677841186523,18.474409103393555,14.85338020324707
2016-11-18,4000,18.540353775024414,18.518701553344727,18.540353775024414,18.474409103393555,14.802241325378418
2016-11-17,4000,18.474409103393555,18.582677841186523,18.582677841186523,18.474409103393555,14.85338020324707
2016-11-16,17700,18.494094848632812,18.45472526550293,18.582677841186523,18.364173889160156,14.640962600708008
2016-11-15,16400,18.523622512817383,18.572834014892578,18.582677841186523,18.22834587097168,14.734663963317871
2016-11-14,9600,18.2962589263916,18.358266830444336,18.651575088500977,18.267717361450195,14.564434051513672
2016-11-11,10200,18.622047424316406,18.25787353515625,18.700786590576172,18.25787353515625,14.48479175567627
2016-11-10,7900,18.4055118560791,18.355314254760742,18.547245025634766,18.335630416870117,14.562093734741211
2016-11-09,22800,18.503936767578125,18.37598419189453,18.651575088500977,18.37598419189453,14.578492164611816
2016-11-08,9900,18.549213409423828,18.503936767578125,18.689960479736328,18.503936767578125,14.680004119873047
2016-11-07,7900,18.484251022338867,18.700786590576172,18.700786590576172,18.484251022338867,14.836174011230469
2016-11-04,4100,18.65354347229004,18.326770782470703,18.65354347229004,18.297245025634766,14.539446830749512
2016-11-03,7000,18.45472526550293,18.4055118560791,18.45472526550293,18.277559280395508,14.60191822052002
2016-11-02,19500,18.946849822998047,18.218503952026367,18.98523712158203,18.129920959472656,14.45355224609375
2016-11-01,9500,19.192913055419922,18.986221313476562,19.25098419189453,18.986221313476562,15.062620162963867
2016-10-31,2100,19.33070945739746,19.340551376342773,19.38976287841797,19.32381820678711,15.343722343444824
2016-10-28,9100,19.488189697265625,19.429134368896484,19.497047424316406,19.27165412902832,15.414000511169434
2016-10-27,13800,19.429134368896484,19.24212646484375,19.666337966918945,19.13287353515625,15.26563835144043
2016-10-26,3500,19.388778686523438,19.24212646484375,19.38976287841797,19.24212646484375,15.26563835144043
2016-10-25,23300,19.035432815551758,19.222440719604492,19.487205505371094,19.035432815551758,15.250019073486328
2016-10-24,18900,18.946849822998047,19.384841918945312,19.517717361450195,18.946849822998047,15.378866195678711
2016-10-21,7100,19.052165985107422,18.981298446655273,19.054134368896484,18.858266830444336,15.058714866638184
2016-10-20,4000,19.035432815551758,19.04527473449707,19.158464431762695,19.035432815551758,15.109471321105957
2016-10-19,4000,19.18307113647461,18.958662033081055,19.18307113647461,18.958662033081055,15.040753364562988
2016-10-18,13100,19.064960479736328,19.084646224975586,19.202754974365234,19.015748977661133,15.140706062316895
2016-10-17,25700,19.41929054260254,19.30118179321289,19.53740119934082,18.680118560791016,15.044654846191406
2016-10-14,12400,19.70472526550293,19.41240119934082,19.70472526550293,19.222440719604492,15.131356239318848
2016-10-13,24000,19.553150177001953,19.517717361450195,19.553150177001953,19.232282638549805,15.213440895080566
2016-10-12,8900,19.804134368896484,19.635826110839844,19.931102752685547,19.622047424316406,15.198088645935059
2016-10-11,35900,19.58661460876465,19.714567184448242,20.035432815551758,19.58661460876465,15.259032249450684
2016-10-10,21700,19.710630416870117,19.74311065673828,19.995079040527344,19.621063232421875,15.281128883361816
2016-10-07,3900,19.694881439208984,19.67519760131836,19.694881439208984,19.53740119934082,15.228561401367188
2016-10-06,23900,19.70472526550293,19.755905151367188,19.793306350708008,19.56692886352539,15.29102897644043
2016-10-05,26800,19.468503952026367,19.62598419189453,19.685039520263672,19.43405532836914,15.190469741821289
2016-10-04,28300,19.49901580810547,19.527559280395508,19.665353775024414,19.438976287841797,15.114291191101074
2016-10-03,7600,19.567913055419922,19.486221313476562,19.567913055419922,19.468503952026367,15.082294464111328
2016-09-30,10700,19.67519760131836,19.53740119934082,19.67519760131836,19.53740119934082,15.121909141540527
2016-09-29,29000,19.724409103393555,19.498031616210938,19.783464431762695,19.488189697265625,15.091439247131348
2016-09-28,38100,19.554134368896484,19.665353775024414,19.793306350708008,19.517717361450195,15.220941543579102
2016-09-27,17300,19.606298446655273,19.734251022338867,19.783464431762695,19.606298446655273,15.274271965026855
2016-09-26,20500,19.734251022338867,19.64566993713379,19.782480239868164,19.58661460876465,15.205713272094727
2016-09-23,12400,19.70472526550293,19.74212646484375,19.773622512817383,19.636810302734375,15.280369758605957
2016-09-22,38900,19.399606704711914,19.557086944580078,19.71358299255371,19.38976287841797,15.137147903442383
2016-09-21,18200,19.237205505371094,19.399606704711914,19.399606704711914,19.192913055419922,15.015254974365234
2016-09-20,22600,19.202754974365234,19.25,19.53740119934082,19.143701553344727,14.899463653564453
2016-09-19,3400,19.303150177001953,19.16338539123535,19.303150177001953,19.009841918945312,14.83242130279541
2016-09-16,20700,19.399606704711914,19.194881439208984,19.399606704711914,19.025590896606445,14.85680103302002
2016-09-15,25400,19.47834587097168,19.377952575683594,19.527559280395508,19.202754974365234,14.99849796295166
2016-09-14,18600,19.340551376342773,19.5,19.527559280395508,19.340551376342773,14.986308097839355
2016-09-13,15500,19.606298446655273,19.53740119934082,19.62598419189453,19.429134368896484,15.015047073364258
2016-09-12,24200,19.47834587097168,19.606298446655273,19.734251022338867,19.340551376342773,15.067997932434082
2016-09-09,18400,19.862205505371094,19.606298446655273,19.862205505371094,19.606298446655273,15.067997932434082
2016-09-08,35200,20.08858299255371,19.908464431762695,20.157480239868164,19.765748977661133,15.30022144317627
2016-09-07,41800,19.773622512817383,20.08858299255371,20.585630416870117,19.6555118560791,15.438647270202637
2016-09-06,22500,19.576770782470703,19.680118560791016,19.685039520263672,19.547245025634766,15.124728202819824
2016-09-02,17800,19.438976287841797,19.49311065673828,19.517717361450195,19.438976287841797,14.981009483337402
2016-09-01,12000,19.18307113647461,19.33070945739746,19.370079040527344,19.18307113647461,14.856204986572266
2016-08-31,22900,19.261810302734375,19.27165412902832,19.379920959472656,19.251968383789062,14.810815811157227
2016-08-30,45800,19.576770782470703,19.281496047973633,19.622047424316406,19.24212646484375,14.818377494812012
2016-08-29,16600,19.63287353515625,19.56692886352539,19.67519760131836,19.557086944580078,15.037742614746094
2016-08-26,38100,19.488189697265625,19.61614227294922,19.685039520263672,19.488189697265625,15.075567245483398
2016-08-25,23900,19.517717361450195,19.47834587097168,19.517717361450195,19.370079040527344,14.969666481018066
2016-08-24,22600,19.547245025634766,19.38976287841797,19.64566993713379,19.281496047973633,14.90158462524414
2016-08-23,34000,19.468503952026367,19.576770782470703,19.67519760131836,19.468503952026367,15.045304298400879
2016-08-22,11000,19.384841918945312,19.33070945739746,19.47834587097168,19.291337966918945,14.856204986572266
2016-08-19,17600,19.38976287841797,19.320865631103516,19.458662033081055,19.0944881439209,14.8486328125
2016-08-18,21000,19.498031616210938,19.437992095947266,19.498031616210938,19.379920959472656,14.938647270202637
2016-08-17,23900,19.53740119934082,19.36023712158203,19.53740119934082,19.340551376342773,14.87889289855957
2016-08-16,13400,19.391733169555664,19.517717361450195,19.517717361450195,19.391733169555664,14.999919891357422
2016-08-15,43100,19.438976287841797,19.468503952026367,19.58661460876465,19.251968383789062,14.96209716796875
2016-08-12,27400,19.458662033081055,19.432086944580078,19.481298446655273,19.350393295288086,14.934113502502441
2016-08-11,43000,19.438976287841797,19.44881820678711,19.468503952026367,19.202754974365234,14.946968078613281
2016-08-10,86400,19.21259880065918,19.488189697265625,19.488189697265625,19.192913055419922,14.87132453918457
2016-08-09,25700,19.015748977661133,19.07480239868164,19.15354347229004,19.015748977661133,14.555872917175293
2016-08-08,4700,19.16338539123535,19.10433006286621,19.16338539123535,19.025590896606445,14.57840347290039
2016-08-05,17700,19.17027473449707,19.03641700744629,19.182086944580078,19.035432815551758,14.526579856872559
2016-08-04,28500,19.24212646484375,19.05019760131836,19.24212646484375,18.8287410736084,14.537092208862305
2016-08-03,6100,18.81692886352539,18.9212589263916,18.966535568237305,18.782480239868164,14.438702583312988
2016-08-02,7200,18.839567184448242,18.877952575683594,18.946849822998047,18.666337966918945,14.405656814575195
2016-08-01,6500,18.976377487182617,19.001968383789062,19.064960479736328,18.976377487182617,14.500290870666504
2016-07-29,23100,18.887794494628906,18.956693649291992,19.07480239868164,18.810039520263672,14.465744018554688
2016-07-28,17400,18.769685745239258,18.976377487182617,18.976377487182617,18.687007904052734,14.480764389038086
2016-07-27,4100,18.710630416870117,18.700786590576172,18.80905532836914,18.700786590576172,14.270461082458496
2016-07-26,21700,18.651575088500977,18.651575088500977,18.8287410736084,18.4055118560791,14.232908248901367
2016-07-25,21700,18.86023712158203,18.651575088500977,18.907480239868164,18.523622512817383,14.232908248901367
2016-07-22,8100,18.80905532836914,18.769685745239258,18.907480239868164,18.740158081054688,14.323038101196289
2016-07-21,19800,19.07480239868164,18.80905532836914,19.07480239868164,18.799213409423828,14.353080749511719
2016-07-20,12700,19.21259880065918,19.41929054260254,19.438976287841797,19.21259880065918,14.413164138793945
2016-07-19,21100,19.173229217529297,19.19192886352539,19.19192886352539,19.055118560791016,14.244418144226074
2016-07-18,16400,19.320865631103516,19.16338539123535,19.320865631103516,18.83858299255371,14.223228454589844
2016-07-15,16000,19.408464431762695,19.18307113647461,19.408464431762695,19.18307113647461,14.237841606140137
2016-07-14,11100,18.946849822998047,19.356298446655273,19.356298446655273,18.937007904052734,14.366409301757812
2016-07-13,14800,19.50787353515625,19.429134368896484,19.576770782470703,19.30118179321289,14.318196296691895
2016-07-12,25100,19.468503952026367,19.438976287841797,19.58858299255371,19.251968383789062,14.325447082519531
2016-07-11,16300,19.44881820678711,19.489173889160156,19.627952575683594,19.44881820678711,14.362439155578613
2016-07-08,14700,19.202754974365234,19.38976287841797,19.402559280395508,19.108266830444336,14.289177894592285
2016-07-07,16300,18.946849822998047,19.0944881439209,19.114173889160156,18.928150177001953,14.071579933166504
2016-07-06,11600,18.848424911499023,18.946849822998047,18.946849822998047,18.769685745239258,13.962777137756348
2016-07-05,15400,18.789369583129883,18.927165985107422,18.946849822998047,18.73523712158203,13.948269844055176
2016-07-01,14200,18.75,18.8287410736084,18.89763832092285,18.622047424316406,13.87573528289795
2016-06-30,39900,18.494094848632812,18.6712589263916,18.75,18.297245025634766,13.75968074798584
2016-06-29,15600,18.385826110839844,18.484251022338867,18.484251022338867,18.149606704711914,13.621870040893555
2016-06-28,20500,18.248031616210938,18.238189697265625,18.248031616210938,17.942913055419922,13.440536499023438
2016-06-27,47400,18.090551376342773,17.982282638549805,18.19881820678711,17.785432815551758,13.251946449279785
2016-06-24,29600,18.13976287841797,18.223424911499023,18.543306350708008,18.13976287841797,13.42965030670166
2016-06-23,32100,18.759841918945312,18.562992095947266,18.83858299255371,18.503936767578125,13.67989444732666
2016-06-22,12900,18.730314254760742,18.622047424316406,18.799213409423828,18.60236167907715,13.723416328430176
2016-06-21,22200,18.832677841186523,18.651575088500977,18.863189697265625,18.607282638549805,13.745171546936035
2016-06-20,20100,18.946849822998047,18.769685745239258,18.946849822998047,18.651575088500977,13.832218170166016
2016-06-17,900,18.75,18.740158081054688,18.83858299255371,18.71161460876465,13.810457229614258
2016-06-16,9500,18.60236167907715,18.803150177001953,18.803150177001953,18.60236167907715,13.856879234313965
2016-06-15,6900,18.759841918945312,18.937007904052734,18.946849822998047,18.759841918945312,13.853974342346191
2016-06-14,5800,18.937007904052734,18.937007904052734,18.946849822998047,18.740158081054688,13.853974342346191
2016-06-13,19400,18.996063232421875,18.937007904052734,18.996063232421875,18.799213409423828,13.853974342346191
2016-06-10,14700,19.015748977661133,18.996063232421875,19.070865631103516,18.907480239868164,13.897174835205078
2016-06-09,4300,18.946849822998047,19.04527473449707,19.04527473449707,18.946849822998047,13.933178901672363
2016-06-08,11600,18.77952766418457,19.015748977661133,19.015748977661133,18.77952766418457,13.911579132080078
2016-06-07,7400,18.986221313476562,18.937007904052734,19.015748977661133,18.740158081054688,13.853974342346191
2016-06-06,12100,18.80905532836914,18.848424911499023,18.965551376342773,18.66141700744629,13.789172172546387
2016-06-03,8600,18.63188934326172,18.907480239868164,18.907480239868164,18.612205505371094,13.832369804382324
2016-06-02,6700,19.03641700744629,18.69094467163086,19.03641700744629,18.641733169555664,13.673954963684082
2016-06-01,4100,18.65354347229004,18.641733169555664,18.72047233581543,18.641733169555664,13.637956619262695
2016-05-31,4600,18.638778686523438,18.69094467163086,18.75,18.484251022338867,13.673954963684082
2016-05-27,14000,18.700786590576172,18.759841918945312,19.019685745239258,18.33661460876465,13.724364280700684
2016-05-26,12800,19.07480239868164,18.60236167907715,19.07480239868164,18.474409103393555,13.609152793884277
2016-05-25,27500,18.700786590576172,18.69094467163086,18.789369583129883,18.640748977661133,13.673954963684082
2016-05-24,24600,18.385826110839844,18.700786590576172,18.700786590576172,18.36614227294922,13.68115520477295
2016-05-23,23100,18.651575088500977,18.523622512817383,18.651575088500977,18.28740119934082,13.551548957824707
2016-05-20,9600,18.689960479736328,18.553150177001953,18.689960479736328,18.28740119934082,13.573148727416992
2016-05-19,11600,18.799213409423828,18.444881439208984,18.799213409423828,18.31692886352539,13.493943214416504
2016-05-18,5600,18.641733169555664,18.80905532836914,18.80905532836914,18.636810302734375,13.760368347167969
2016-05-17,10800,18.582677841186523,18.641733169555664,18.6712589263916,18.503936767578125,13.637956619262695
2016-05-16,35300,18.78641700744629,18.54527473449707,18.78641700744629,18.503936767578125,13.567387580871582
2016-05-13,17700,18.773622512817383,18.799213409423828,18.8287410736084,18.651575088500977,13.753165245056152
2016-05-12,10600,18.86811065673828,18.731298446655273,18.86811065673828,18.612205505371094,13.703479766845703
2016-05-11,5800,19.098424911499023,18.976377487182617,19.13385772705078,18.740158081054688,13.781961441040039
2016-05-10,32100,18.946849822998047,18.848424911499023,19.192913055419922,18.75,13.68903923034668
2016-05-09,8000,18.799213409423828,18.927165985107422,18.946849822998047,18.700786590576172,13.746225357055664
2016-05-06,11100,18.89763832092285,18.996063232421875,19.18307113647461,18.877952575683594,13.796260833740234
2016-05-05,2000,18.89763832092285,18.759841918945312,18.89763832092285,18.700786590576172,13.624699592590332
2016-05-04,12200,19.0944881439209,18.80905532836914,19.192913055419922,18.6712589263916,13.660446166992188
2016-05-03,13000,19.13385772705078,19.084646224975586,19.192913055419922,18.89763832092285,13.860594749450684
2016-05-02,23100,18.6712589263916,19.0944881439209,19.281496047973633,18.6712589263916,13.867741584777832
2016-04-29,15900,19.281496047973633,18.740158081054688,19.281496047973633,18.562992095947266,13.610404968261719
2016-04-28,46000,18.612205505371094,18.77952766418457,19.291337966918945,18.494094848632812,13.638996124267578
2016-04-27,15300,19.00885772705078,18.976377487182617,19.273622512817383,18.71259880065918,13.781961441040039
2016-04-26,49900,18.83858299255371,18.710630416870117,19.36023712158203,18.031496047973633,13.588960647583008
2016-04-25,16800,18.86811065673828,18.641733169555664,19.192913055419922,18.523622512817383,13.538924217224121
2016-04-22,16000,18.986221313476562,18.880905151367188,19.13385772705078,18.6712589263916,13.712624549865723
2016-04-21,3700,19.0944881439209,18.848424911499023,19.0944881439209,18.592519760131836,13.68903923034668
2016-04-20,9800,18.700786590576172,19.143701553344727,19.192913055419922,18.700786590576172,13.903487205505371
2016-04-19,15400,18.307086944580078,18.693897247314453,19.47834587097168,18.159448623657227,13.576804161071777
2016-04-18,16300,18.307086944580078,18.34645652770996,18.428150177001953,18.090551376342773,13.29945182800293
2016-04-15,13200,18.569881439208984,18.321849822998047,18.569881439208984,18.061023712158203,13.281614303588867
2016-04-14,19300,18.061023712158203,18.238189697265625,18.466535568237305,18.032480239868164,13.220967292785645
2016-04-13,26600,17.93307113647461,18.070865631103516,18.297245025634766,17.923229217529297,12.999783515930176
2016-04-12,4100,17.88385772705078,17.91338539123535,17.91338539123535,17.716535568237305,12.88649845123291
2016-04-11,25600,17.598424911499023,17.765748977661133,17.864173889160156,17.598424911499023,12.780289649963379
2016-04-08,11600,17.814960479736328,17.716535568237305,18.093503952026367,17.716535568237305,12.744884490966797
2016-04-07,59100,17.689960479736328,17.61811065673828,18.11023712158203,17.61811065673828,12.674077987670898
2016-04-06,18600,18.100393295288086,17.765748977661133,18.100393295288086,17.716535568237305,12.780289649963379
2016-04-05,7900,17.90354347229004,17.864173889160156,18.02066993713379,17.79527473449707,12.851093292236328
2016-04-04,8400,18.208662033081055,18.159448623657227,18.208662033081055,17.87401580810547,13.063509941101074
2016-04-01,11500,18.188976287841797,18.004920959472656,18.188976287841797,17.87401580810547,12.952341079711914
2016-03-31,24100,18.19881820678711,17.91338539123535,18.19881820678711,17.765748977661133,12.88649845123291
2016-03-30,33000,17.716535568237305,17.893701553344727,18.208662033081055,17.716535568237305,12.872332572937012
2016-03-29,37500,17.736221313476562,17.696849822998047,17.90354347229004,17.509841918945312,12.730722427368164
2016-03-28,28000,18.13287353515625,17.765748977661133,18.19881820678711,17.765748977661133,12.780289649963379
2016-03-24,10900,17.892717361450195,17.942913055419922,18.100393295288086,17.814960479736328,12.907737731933594
2016-03-23,9000,17.918306350708008,17.942913055419922,17.952754974365234,17.726377487182617,12.907737731933594
2016-03-22,11600,17.61811065673828,17.726377487182617,17.90354347229004,17.61811065673828,12.751964569091797
2016-03-21,26900,17.859251022338867,17.5,18.001968383789062,17.5,12.589111328125
2016-03-18,15600,18.196849822998047,17.82480239868164,18.196849822998047,17.716535568237305,12.82276725769043
2016-03-17,13900,18.129920959472656,18.16929054260254,18.208662033081055,17.784448623657227,13.070587158203125
2016-03-16,7800,18.179134368896484,17.972440719604492,18.179134368896484,17.814960479736328,12.829848289489746
2016-03-15,7900,17.637794494628906,17.93307113647461,18.00688934326172,17.637794494628906,12.801745414733887
2016-03-14,12200,17.736221313476562,17.862205505371094,17.862205505371094,17.568897247314453,12.751153945922852
2016-03-11,24300,17.47047233581543,17.746063232421875,18.208662033081055,17.47047233581543,12.668244361877441
2016-03-10,8600,17.706693649291992,17.431102752685547,17.706693649291992,17.159448623657227,12.443405151367188
2016-03-09,10700,17.431102752685547,17.706693649291992,17.706693649291992,17.401575088500977,12.640141487121582
2016-03-08,7800,17.585630416870117,17.322834014892578,17.63287353515625,17.165353775024414,12.366117477416992
2016-03-07,5800,17.356298446655273,17.696849822998047,17.696849822998047,17.356298446655273,12.6331148147583
2016-03-04,17200,17.185039520263672,17.5,17.509841918945312,16.968503952026367,12.49258804321289
2016-03-03,9700,17.06692886352539,17.185039520263672,17.332677841186523,16.879920959472656,12.267752647399902
2016-03-02,16700,17.224409103393555,16.879920959472656,17.224409103393555,16.584646224975586,12.04994010925293
2016-03-01,18100,17.332677841186523,16.97834587097168,17.332677841186523,16.968503952026367,12.120197296142578
2016-02-29,14800,17.539369583129883,17.027559280395508,17.687992095947266,17.027559280395508,12.1553316116333
2016-02-26,4100,16.875,17.5787410736084,17.5787410736084,16.875,12.548796653747559
2016-02-25,8300,17.06692886352539,16.68307113647461,17.06692886352539,16.486221313476562,11.909416198730469
2016-02-24,27600,16.909448623657227,17.519685745239258,17.52952766418457,16.781496047973633,12.50664234161377
2016-02-23,12400,16.77854347229004,16.909448623657227,16.91929054260254,16.702754974365234,12.07101821899414
2016-02-22,37300,16.929134368896484,16.692913055419922,16.967519760131836,16.5944881439209,11.916441917419434
2016-02-19,15100,16.732282638549805,16.80118179321289,16.968503952026367,16.51476287841797,11.993728637695312
2016-02-18,25000,16.19094467163086,16.67618179321289,16.71259880065918,15.88582706451416,11.904498100280762
2016-02-17,33100,16.33858299255371,16.236221313476562,16.427165985107422,15.730315208435059,11.590425491333008
2016-02-16,15800,16.63385772705078,16.289369583129883,16.695865631103516,16.151575088500977,11.62836742401123
2016-02-12,24000,16.361221313476562,16.33858299255371,16.555118560791016,16.299213409423828,11.663496971130371
2016-02-11,74300,15.698819160461426,16.259841918945312,17.224409103393555,15.674212455749512,11.607287406921387
2016-02-10,32400,15.748031616210938,16.141733169555664,16.1712589263916,15.531496047973633,11.52297306060791
2016-02-09,46600,15.688976287841797,15.688976287841797,15.82677173614502,15.305118560791016,11.199767112731934
2016-02-08,69100,17.17519760131836,15.777559280395508,17.17519760131836,15.610236167907715,11.164632797241211
2016-02-05,20000,16.968503952026367,16.879920959472656,17.20472526550293,16.85236167907715,11.944696426391602
2016-02-04,43000,17.91338539123535,16.92027473449707,17.996063232421875,16.74212646484375,11.973250389099121
2016-02-03,16400,18.248031616210938,18.05118179321289,18.248031616210938,17.91338539123535,12.77351188659668
2016-02-02,40200,18.356298446655273,18.159448623657227,18.39566993713379,18.159448623657227,12.850125312805176
2016-02-01,145500,18.710630416870117,18.484251022338867,18.710630416870117,18.435039520263672,13.07996654510498
2016-01-29,10700,18.789369583129883,18.759841918945312,19.192913055419922,18.75,13.274982452392578
2016-01-28,13800,18.710630416870117,18.69094467163086,18.738189697265625,18.69094467163086,13.226227760314941
2016-01-27,8500,18.723424911499023,18.72047233581543,18.739173889160156,18.710630416870117,13.247118949890137
2016-01-26,7600,18.710630416870117,18.72047233581543,19.005905151367188,18.710630416870117,13.247118949890137
2016-01-25,16000,18.966535568237305,18.80905532836914,18.966535568237305,18.66141700744629,13.309804916381836
2016-01-22,1700,19.251968383789062,19.112205505371094,19.251968383789062,19.112205505371094,13.524319648742676
2016-01-21,600,18.946849822998047,18.946849822998047,18.946849822998047,18.946849822998047,13.407309532165527
2016-01-20,32400,19.192913055419922,18.946849822998047,19.197834014892578,18.946849822998047,13.407309532165527
2016-01-19,9700,19.59547233581543,19.215551376342773,20.807086944580078,19.215551376342773,13.597453117370605
2016-01-15,7100,19.50787353515625,19.259841918945312,19.50787353515625,19.259841918945312,13.62879467010498
2016-01-14,25700,19.38976287841797,19.429134368896484,19.714567184448242,19.291337966918945,13.748589515686035
2016-01-13,0,19.428150177001953,19.428150177001953,19.428150177001953,19.428150177001953,13.747894287109375
2016-01-12,2300,19.437992095947266,19.428150177001953,19.437992095947266,19.428150177001953,13.747894287109375
2016-01-11,48800,19.458662033081055,19.340551376342773,19.557086944580078,19.340551376342773,13.685905456542969
2016-01-08,10200,19.488189697265625,19.438976287841797,19.488189697265625,19.438976287841797,13.755549430847168
